<BrowseQuotesResponseAPIDto xmlns:xsd="http://www.w3.org/2001/XMLSchema" xmlns:xsi="http://www.w3.org/2001/XMLSchema-instance">
    <Currencies>
        <CurrencyDto>
            <Code>USD</Code>
            <Symbol>$</Symbol>
            <ThousandsSeparator>,</ThousandsSeparator>
            <DecimalSeparator>.</DecimalSeparator>
            <SymbolOnLeft>true</SymbolOnLeft>
            <SpaceBetweenAmountAndSymbol>false</SpaceBetweenAmountAndSymbol>
            <RoundingCoefficient>0</RoundingCoefficient>
            <DecimalDigits>2</DecimalDigits>
        </CurrencyDto>
    </Currencies>
    <Quotes>
        <QuoteDto>
            <QuoteId>1</QuoteId>
            <MinPrice>79</MinPrice>
            <Direct>true</Direct>
            <OutboundLeg>
                <CarrierIds>
                    <int>870</int>
                </CarrierIds>
                <OriginId>45141</OriginId>
                <DestinationId>42995</DestinationId>
                <DepartureDate>2016-12-25T00:00:00</DepartureDate>
            </OutboundLeg>
            <QuoteDateTime>2016-12-11T00:54:57</QuoteDateTime>
        </QuoteDto>
        <QuoteDto>
            <QuoteId>2</QuoteId>
            <MinPrice>715</MinPrice>
            <Direct>false</Direct>
            <OutboundLeg>
                <CarrierIds>
                    <int>288</int>
                </CarrierIds>
                <OriginId>45141</OriginId>
                <DestinationId>59316</DestinationId>
                <DepartureDate>2016-12-25T00:00:00</DepartureDate>
            </OutboundLeg>
            <QuoteDateTime>2016-12-05T18:16:21</QuoteDateTime>
        </QuoteDto>
        <QuoteDto>
            <QuoteId>3</QuoteId>
            <MinPrice>671</MinPrice>
            <Direct>false</Direct>
            <OutboundLeg>
                <CarrierIds/>
                <OriginId>45141</OriginId>
                <DestinationId>65741</DestinationId>
                <DepartureDate>2016-12-25T00:00:00</DepartureDate>
            </OutboundLeg>
            <QuoteDateTime>2016-12-09T23:10:55</QuoteDateTime>
        </QuoteDto>
        <QuoteDto>
            <QuoteId>4</QuoteId>
            <MinPrice>620</MinPrice>
            <Direct>false</Direct>
            <OutboundLeg>
                <CarrierIds>
                    <int>854</int>
                </CarrierIds>
                <OriginId>45141</OriginId>
                <DestinationId>42983</DestinationId>
                <DepartureDate>2016-12-25T00:00:00</DepartureDate>
            </OutboundLeg>
            <QuoteDateTime>2016-11-26T19:08:15</QuoteDateTime>
        </QuoteDto>
        <QuoteDto>
            <QuoteId>5</QuoteId>
            <MinPrice>289</MinPrice>
            <Direct>true</Direct>
            <OutboundLeg>
                <CarrierIds>
                    <int>835</int>
                </CarrierIds>
                <OriginId>45141</OriginId>
                <DestinationId>96474</DestinationId>
                <DepartureDate>2016-12-25T00:00:00</DepartureDate>
            </OutboundLeg>
            <QuoteDateTime>2016-12-09T23:11:34</QuoteDateTime>
        </QuoteDto>
        <QuoteDto>
            <QuoteId>6</QuoteId>
            <MinPrice>380</MinPrice>
            <Direct>false</Direct>
            <OutboundLeg>
                <CarrierIds>
                    <int>845</int>
                </CarrierIds>
                <OriginId>45141</OriginId>
                <DestinationId>45582</DestinationId>
                <DepartureDate>2016-12-25T00:00:00</DepartureDate>
            </OutboundLeg>
            <QuoteDateTime>2016-12-11T01:19:27</QuoteDateTime>
        </QuoteDto>
        <QuoteDto>
            <QuoteId>7</QuoteId>
            <MinPrice>917</MinPrice>
            <Direct>false</Direct>
            <OutboundLeg>
                <CarrierIds>
                    <int>870</int>
                </CarrierIds>
                <OriginId>45141</OriginId>
                <DestinationId>48018</DestinationId>
                <DepartureDate>2016-12-25T00:00:00</DepartureDate>
            </OutboundLeg>
            <QuoteDateTime>2016-11-29T04:00:48</QuoteDateTime>
        </QuoteDto>
        <QuoteDto>
            <QuoteId>8</QuoteId>
            <MinPrice>348</MinPrice>
            <Direct>true</Direct>
            <OutboundLeg>
                <CarrierIds>
                    <int>1793</int>
                </CarrierIds>
                <OriginId>45141</OriginId>
                <DestinationId>81925</DestinationId>
                <DepartureDate>2016-12-25T00:00:00</DepartureDate>
            </OutboundLeg>
            <QuoteDateTime>2016-12-08T00:30:59</QuoteDateTime>
        </QuoteDto>
        <QuoteDto>
            <QuoteId>9</QuoteId>
            <MinPrice>267</MinPrice>
            <Direct>false</Direct>
            <OutboundLeg>
                <CarrierIds>
                    <int>1467</int>
                </CarrierIds>
                <OriginId>45141</OriginId>
                <DestinationId>81925</DestinationId>
                <DepartureDate>2016-12-25T00:00:00</DepartureDate>
            </OutboundLeg>
            <QuoteDateTime>2016-12-08T00:30:52</QuoteDateTime>
        </QuoteDto>
        <QuoteDto>
            <QuoteId>10</QuoteId>
            <MinPrice>786</MinPrice>
            <Direct>false</Direct>
            <OutboundLeg>
                <CarrierIds>
                    <int>1793</int>
                </CarrierIds>
                <OriginId>45141</OriginId>
                <DestinationId>75575</DestinationId>
                <DepartureDate>2016-12-25T00:00:00</DepartureDate>
            </OutboundLeg>
            <QuoteDateTime>2016-12-02T18:23:13</QuoteDateTime>
        </QuoteDto>
        <QuoteDto>
            <QuoteId>11</QuoteId>
            <MinPrice>924</MinPrice>
            <Direct>false</Direct>
            <OutboundLeg>
                <CarrierIds>
                    <int>1618</int>
                </CarrierIds>
                <OriginId>45141</OriginId>
                <DestinationId>42989</DestinationId>
                <DepartureDate>2016-12-25T00:00:00</DepartureDate>
            </OutboundLeg>
            <QuoteDateTime>2016-11-30T00:14:33</QuoteDateTime>
        </QuoteDto>
        <QuoteDto>
            <QuoteId>12</QuoteId>
            <MinPrice>851</MinPrice>
            <Direct>false</Direct>
            <OutboundLeg>
                <CarrierIds>
                    <int>1755</int>
                </CarrierIds>
                <OriginId>45141</OriginId>
                <DestinationId>58542</DestinationId>
                <DepartureDate>2016-12-25T00:00:00</DepartureDate>
            </OutboundLeg>
            <QuoteDateTime>2016-12-08T00:08:49</QuoteDateTime>
        </QuoteDto>
        <QuoteDto>
            <QuoteId>13</QuoteId>
            <MinPrice>504</MinPrice>
            <Direct>false</Direct>
            <OutboundLeg>
                <CarrierIds>
                    <int>1467</int>
                </CarrierIds>
                <OriginId>45141</OriginId>
                <DestinationId>81919</DestinationId>
                <DepartureDate>2016-12-25T00:00:00</DepartureDate>
            </OutboundLeg>
            <QuoteDateTime>2016-12-08T13:40:42</QuoteDateTime>
        </QuoteDto>
        <QuoteDto>
            <QuoteId>14</QuoteId>
            <MinPrice>663</MinPrice>
            <Direct>false</Direct>
            <OutboundLeg>
                <CarrierIds>
                    <int>1218</int>
                </CarrierIds>
                <OriginId>45141</OriginId>
                <DestinationId>67652</DestinationId>
                <DepartureDate>2016-12-25T00:00:00</DepartureDate>
            </OutboundLeg>
            <QuoteDateTime>2016-12-08T13:40:38</QuoteDateTime>
        </QuoteDto>
        <QuoteDto>
            <QuoteId>15</QuoteId>
            <MinPrice>626</MinPrice>
            <Direct>false</Direct>
            <OutboundLeg>
                <CarrierIds>
                    <int>1218</int>
                </CarrierIds>
                <OriginId>45141</OriginId>
                <DestinationId>68768</DestinationId>
                <DepartureDate>2016-12-25T00:00:00</DepartureDate>
            </OutboundLeg>
            <QuoteDateTime>2016-12-06T17:36:45</QuoteDateTime>
        </QuoteDto>
        <QuoteDto>
            <QuoteId>16</QuoteId>
            <MinPrice>670</MinPrice>
            <Direct>false</Direct>
            <OutboundLeg>
                <CarrierIds>
                    <int>1707</int>
                </CarrierIds>
                <OriginId>45141</OriginId>
                <DestinationId>44759</DestinationId>
                <DepartureDate>2016-12-25T00:00:00</DepartureDate>
            </OutboundLeg>
            <QuoteDateTime>2016-12-10T01:02:22</QuoteDateTime>
        </QuoteDto>
        <QuoteDto>
            <QuoteId>17</QuoteId>
            <MinPrice>641</MinPrice>
            <Direct>false</Direct>
            <OutboundLeg>
                <CarrierIds>
                    <int>881</int>
                </CarrierIds>
                <OriginId>45141</OriginId>
                <DestinationId>65465</DestinationId>
                <DepartureDate>2016-12-25T00:00:00</DepartureDate>
            </OutboundLeg>
            <QuoteDateTime>2016-12-03T19:16:38</QuoteDateTime>
        </QuoteDto>
        <QuoteDto>
            <QuoteId>18</QuoteId>
            <MinPrice>1267</MinPrice>
            <Direct>false</Direct>
            <OutboundLeg>
                <CarrierIds/>
                <OriginId>45141</OriginId>
                <DestinationId>42795</DestinationId>
                <DepartureDate>2016-12-25T00:00:00</DepartureDate>
            </OutboundLeg>
            <QuoteDateTime>2016-12-10T14:04:55</QuoteDateTime>
        </QuoteDto>
        <QuoteDto>
            <QuoteId>19</QuoteId>
            <MinPrice>881</MinPrice>
            <Direct>false</Direct>
            <OutboundLeg>
                <CarrierIds>
                    <int>1755</int>
                </CarrierIds>
                <OriginId>45141</OriginId>
                <DestinationId>44617</DestinationId>
                <DepartureDate>2016-12-25T00:00:00</DepartureDate>
            </OutboundLeg>
            <QuoteDateTime>2016-12-09T22:18:42</QuoteDateTime>
        </QuoteDto>
        <QuoteDto>
            <QuoteId>20</QuoteId>
            <MinPrice>833</MinPrice>
            <Direct>false</Direct>
            <OutboundLeg>
                <CarrierIds/>
                <OriginId>45141</OriginId>
                <DestinationId>42521</DestinationId>
                <DepartureDate>2016-12-25T00:00:00</DepartureDate>
            </OutboundLeg>
            <QuoteDateTime>2016-11-26T04:48:19</QuoteDateTime>
        </QuoteDto>
        <QuoteDto>
            <QuoteId>21</QuoteId>
            <MinPrice>849</MinPrice>
            <Direct>false</Direct>
            <OutboundLeg>
                <CarrierIds>
                    <int>1755</int>
                </CarrierIds>
                <OriginId>45141</OriginId>
                <DestinationId>88879</DestinationId>
                <DepartureDate>2016-12-25T00:00:00</DepartureDate>
            </OutboundLeg>
            <QuoteDateTime>2016-11-30T04:14:17</QuoteDateTime>
        </QuoteDto>
        <QuoteDto>
            <QuoteId>22</QuoteId>
            <MinPrice>3065</MinPrice>
            <Direct>false</Direct>
            <OutboundLeg>
                <CarrierIds/>
                <OriginId>45141</OriginId>
                <DestinationId>81583</DestinationId>
                <DepartureDate>2016-12-25T00:00:00</DepartureDate>
            </OutboundLeg>
            <QuoteDateTime>2016-12-10T22:25:44</QuoteDateTime>
        </QuoteDto>
    </Quotes>
    <Places>
        <PlaceDto>
            <PlaceId>837</PlaceId>
            <Name>United Arab Emirates</Name>
            <Type>Country</Type>
            <SkyscannerCode>AE</SkyscannerCode>
        </PlaceDto>
        <PlaceDto>
            <PlaceId>839</PlaceId>
            <Name>Antigua and Barbuda</Name>
            <Type>Country</Type>
            <SkyscannerCode>AG</SkyscannerCode>
        </PlaceDto>
        <PlaceDto>
            <PlaceId>850</PlaceId>
            <Name>Argentina</Name>
            <Type>Country</Type>
            <SkyscannerCode>AR</SkyscannerCode>
        </PlaceDto>
        <PlaceDto>
            <PlaceId>852</PlaceId>
            <Name>Austria</Name>
            <Type>Country</Type>
            <SkyscannerCode>AT</SkyscannerCode>
        </PlaceDto>
        <PlaceDto>
            <PlaceId>853</PlaceId>
            <Name>Australia</Name>
            <Type>Country</Type>
            <SkyscannerCode>AU</SkyscannerCode>
        </PlaceDto>
        <PlaceDto>
            <PlaceId>855</PlaceId>
            <Name>Aruba</Name>
            <Type>Country</Type>
            <SkyscannerCode>AW</SkyscannerCode>
        </PlaceDto>
        <PlaceDto>
            <PlaceId>882</PlaceId>
            <Name>Barbados</Name>
            <Type>Country</Type>
            <SkyscannerCode>BB</SkyscannerCode>
        </PlaceDto>
        <PlaceDto>
            <PlaceId>885</PlaceId>
            <Name>Belgium</Name>
            <Type>Country</Type>
            <SkyscannerCode>BE</SkyscannerCode>
        </PlaceDto>
        <PlaceDto>
            <PlaceId>893</PlaceId>
            <Name>Bermuda</Name>
            <Type>Country</Type>
            <SkyscannerCode>BM</SkyscannerCode>
        </PlaceDto>
        <PlaceDto>
            <PlaceId>895</PlaceId>
            <Name>Bolivia</Name>
            <Type>Country</Type>
            <SkyscannerCode>BO</SkyscannerCode>
        </PlaceDto>
        <PlaceDto>
            <PlaceId>898</PlaceId>
            <Name>Brazil</Name>
            <Type>Country</Type>
            <SkyscannerCode>BR</SkyscannerCode>
        </PlaceDto>
        <PlaceDto>
            <PlaceId>899</PlaceId>
            <Name>Bahamas</Name>
            <Type>Country</Type>
            <SkyscannerCode>BS</SkyscannerCode>
        </PlaceDto>
        <PlaceDto>
            <PlaceId>906</PlaceId>
            <Name>Belize</Name>
            <Type>Country</Type>
            <SkyscannerCode>BZ</SkyscannerCode>
        </PlaceDto>
        <PlaceDto>
            <PlaceId>929</PlaceId>
            <Name>Canada</Name>
            <Type>Country</Type>
            <SkyscannerCode>CA</SkyscannerCode>
        </PlaceDto>
        <PlaceDto>
            <PlaceId>936</PlaceId>
            <Name>Switzerland</Name>
            <Type>Country</Type>
            <SkyscannerCode>CH</SkyscannerCode>
        </PlaceDto>
        <PlaceDto>
            <PlaceId>940</PlaceId>
            <Name>Chile</Name>
            <Type>Country</Type>
            <SkyscannerCode>CL</SkyscannerCode>
        </PlaceDto>
        <PlaceDto>
            <PlaceId>942</PlaceId>
            <Name>China</Name>
            <Type>Country</Type>
            <SkyscannerCode>CN</SkyscannerCode>
        </PlaceDto>
        <PlaceDto>
            <PlaceId>943</PlaceId>
            <Name>Colombia</Name>
            <Type>Country</Type>
            <SkyscannerCode>CO</SkyscannerCode>
        </PlaceDto>
        <PlaceDto>
            <PlaceId>946</PlaceId>
            <Name>Costa Rica</Name>
            <Type>Country</Type>
            <SkyscannerCode>CR</SkyscannerCode>
        </PlaceDto>
        <PlaceDto>
            <PlaceId>949</PlaceId>
            <Name>Cuba</Name>
            <Type>Country</Type>
            <SkyscannerCode>CU</SkyscannerCode>
        </PlaceDto>
        <PlaceDto>
            <PlaceId>951</PlaceId>
            <Name>Curacao</Name>
            <Type>Country</Type>
            <SkyscannerCode>CW</SkyscannerCode>
        </PlaceDto>
        <PlaceDto>
            <PlaceId>981</PlaceId>
            <Name>Germany</Name>
            <Type>Country</Type>
            <SkyscannerCode>DE</SkyscannerCode>
        </PlaceDto>
        <PlaceDto>
            <PlaceId>987</PlaceId>
            <Name>Denmark</Name>
            <Type>Country</Type>
            <SkyscannerCode>DK</SkyscannerCode>
        </PlaceDto>
        <PlaceDto>
            <PlaceId>991</PlaceId>
            <Name>Dominican Republic</Name>
            <Type>Country</Type>
            <SkyscannerCode>DO</SkyscannerCode>
        </PlaceDto>
        <PlaceDto>
            <PlaceId>1027</PlaceId>
            <Name>Ecuador</Name>
            <Type>Country</Type>
            <SkyscannerCode>EC</SkyscannerCode>
        </PlaceDto>
        <PlaceDto>
            <PlaceId>1031</PlaceId>
            <Name>Egypt</Name>
            <Type>Country</Type>
            <SkyscannerCode>EG</SkyscannerCode>
        </PlaceDto>
        <PlaceDto>
            <PlaceId>1043</PlaceId>
            <Name>Spain</Name>
            <Type>Country</Type>
            <SkyscannerCode>ES</SkyscannerCode>
        </PlaceDto>
        <PlaceDto>
            <PlaceId>1044</PlaceId>
            <Name>Ethiopia</Name>
            <Type>Country</Type>
            <SkyscannerCode>ET</SkyscannerCode>
        </PlaceDto>
        <PlaceDto>
            <PlaceId>1081</PlaceId>
            <Name>Finland</Name>
            <Type>Country</Type>
            <SkyscannerCode>FI</SkyscannerCode>
        </PlaceDto>
        <PlaceDto>
            <PlaceId>1082</PlaceId>
            <Name>Fiji</Name>
            <Type>Country</Type>
            <SkyscannerCode>FJ</SkyscannerCode>
        </PlaceDto>
        <PlaceDto>
            <PlaceId>1090</PlaceId>
            <Name>France</Name>
            <Type>Country</Type>
            <SkyscannerCode>FR</SkyscannerCode>
        </PlaceDto>
        <PlaceDto>
            <PlaceId>1124</PlaceId>
            <Name>Grenada</Name>
            <Type>Country</Type>
            <SkyscannerCode>GD</SkyscannerCode>
        </PlaceDto>
        <PlaceDto>
            <PlaceId>1128</PlaceId>
            <Name>Ghana</Name>
            <Type>Country</Type>
            <SkyscannerCode>GH</SkyscannerCode>
        </PlaceDto>
        <PlaceDto>
            <PlaceId>1140</PlaceId>
            <Name>Guatemala</Name>
            <Type>Country</Type>
            <SkyscannerCode>GT</SkyscannerCode>
        </PlaceDto>
        <PlaceDto>
            <PlaceId>1179</PlaceId>
            <Name>Hong Kong</Name>
            <Type>Country</Type>
            <SkyscannerCode>HK</SkyscannerCode>
        </PlaceDto>
        <PlaceDto>
            <PlaceId>1182</PlaceId>
            <Name>Honduras</Name>
            <Type>Country</Type>
            <SkyscannerCode>HN</SkyscannerCode>
        </PlaceDto>
        <PlaceDto>
            <PlaceId>1188</PlaceId>
            <Name>Haiti</Name>
            <Type>Country</Type>
            <SkyscannerCode>HT</SkyscannerCode>
        </PlaceDto>
        <PlaceDto>
            <PlaceId>1221</PlaceId>
            <Name>Ireland</Name>
            <Type>Country</Type>
            <SkyscannerCode>IE</SkyscannerCode>
        </PlaceDto>
        <PlaceDto>
            <PlaceId>1228</PlaceId>
            <Name>Israel</Name>
            <Type>Country</Type>
            <SkyscannerCode>IL</SkyscannerCode>
        </PlaceDto>
        <PlaceDto>
            <PlaceId>1230</PlaceId>
            <Name>India</Name>
            <Type>Country</Type>
            <SkyscannerCode>IN</SkyscannerCode>
        </PlaceDto>
        <PlaceDto>
            <PlaceId>1236</PlaceId>
            <Name>Italy</Name>
            <Type>Country</Type>
            <SkyscannerCode>IT</SkyscannerCode>
        </PlaceDto>
        <PlaceDto>
            <PlaceId>1277</PlaceId>
            <Name>Jamaica</Name>
            <Type>Country</Type>
            <SkyscannerCode>JM</SkyscannerCode>
        </PlaceDto>
        <PlaceDto>
            <PlaceId>1279</PlaceId>
            <Name>Jordan</Name>
            <Type>Country</Type>
            <SkyscannerCode>JO</SkyscannerCode>
        </PlaceDto>
        <PlaceDto>
            <PlaceId>1280</PlaceId>
            <Name>Japan</Name>
            <Type>Country</Type>
            <SkyscannerCode>JP</SkyscannerCode>
        </PlaceDto>
        <PlaceDto>
            <PlaceId>1326</PlaceId>
            <Name>Saint Kitts and Nevis</Name>
            <Type>Country</Type>
            <SkyscannerCode>KN</SkyscannerCode>
        </PlaceDto>
        <PlaceDto>
            <PlaceId>1330</PlaceId>
            <Name>South Korea</Name>
            <Type>Country</Type>
            <SkyscannerCode>KR</SkyscannerCode>
        </PlaceDto>
        <PlaceDto>
            <PlaceId>1337</PlaceId>
            <Name>Cayman Islands</Name>
            <Type>Country</Type>
            <SkyscannerCode>KY</SkyscannerCode>
        </PlaceDto>
        <PlaceDto>
            <PlaceId>1338</PlaceId>
            <Name>Kazakhstan</Name>
            <Type>Country</Type>
            <SkyscannerCode>KZ</SkyscannerCode>
        </PlaceDto>
        <PlaceDto>
            <PlaceId>1362</PlaceId>
            <Name>Lebanon</Name>
            <Type>Country</Type>
            <SkyscannerCode>LB</SkyscannerCode>
        </PlaceDto>
        <PlaceDto>
            <PlaceId>1363</PlaceId>
            <Name>Saint Lucia</Name>
            <Type>Country</Type>
            <SkyscannerCode>LC</SkyscannerCode>
        </PlaceDto>
        <PlaceDto>
            <PlaceId>1425</PlaceId>
            <Name>Martinique</Name>
            <Type>Country</Type>
            <SkyscannerCode>MQ</SkyscannerCode>
        </PlaceDto>
        <PlaceDto>
            <PlaceId>1432</PlaceId>
            <Name>Mexico</Name>
            <Type>Country</Type>
            <SkyscannerCode>MX</SkyscannerCode>
        </PlaceDto>
        <PlaceDto>
            <PlaceId>1465</PlaceId>
            <Name>Nicaragua</Name>
            <Type>Country</Type>
            <SkyscannerCode>NI</SkyscannerCode>
        </PlaceDto>
        <PlaceDto>
            <PlaceId>1468</PlaceId>
            <Name>Netherlands</Name>
            <Type>Country</Type>
            <SkyscannerCode>NL</SkyscannerCode>
        </PlaceDto>
        <PlaceDto>
            <PlaceId>1471</PlaceId>
            <Name>Norway</Name>
            <Type>Country</Type>
            <SkyscannerCode>NO</SkyscannerCode>
        </PlaceDto>
        <PlaceDto>
            <PlaceId>1482</PlaceId>
            <Name>New Zealand</Name>
            <Type>Country</Type>
            <SkyscannerCode>NZ</SkyscannerCode>
        </PlaceDto>
        <PlaceDto>
            <PlaceId>1553</PlaceId>
            <Name>Panama</Name>
            <Type>Country</Type>
            <SkyscannerCode>PA</SkyscannerCode>
        </PlaceDto>
        <PlaceDto>
            <PlaceId>1557</PlaceId>
            <Name>Peru</Name>
            <Type>Country</Type>
            <SkyscannerCode>PE</SkyscannerCode>
        </PlaceDto>
        <PlaceDto>
            <PlaceId>1558</PlaceId>
            <Name>French Polynesia</Name>
            <Type>Country</Type>
            <SkyscannerCode>PF</SkyscannerCode>
        </PlaceDto>
        <PlaceDto>
            <PlaceId>1560</PlaceId>
            <Name>Philippines</Name>
            <Type>Country</Type>
            <SkyscannerCode>PH</SkyscannerCode>
        </PlaceDto>
        <PlaceDto>
            <PlaceId>1570</PlaceId>
            <Name>Puerto Rico</Name>
            <Type>Country</Type>
            <SkyscannerCode>PR</SkyscannerCode>
        </PlaceDto>
        <PlaceDto>
            <PlaceId>1572</PlaceId>
            <Name>Portugal</Name>
            <Type>Country</Type>
            <SkyscannerCode>PT</SkyscannerCode>
        </PlaceDto>
        <PlaceDto>
            <PlaceId>1601</PlaceId>
            <Name>Qatar</Name>
            <Type>Country</Type>
            <SkyscannerCode>QA</SkyscannerCode>
        </PlaceDto>
        <PlaceDto>
            <PlaceId>1669</PlaceId>
            <Name>Russia</Name>
            <Type>Country</Type>
            <SkyscannerCode>RU</SkyscannerCode>
        </PlaceDto>
        <PlaceDto>
            <PlaceId>1701</PlaceId>
            <Name>Sweden</Name>
            <Type>Country</Type>
            <SkyscannerCode>SE</SkyscannerCode>
        </PlaceDto>
        <PlaceDto>
            <PlaceId>1703</PlaceId>
            <Name>Singapore</Name>
            <Type>Country</Type>
            <SkyscannerCode>SG</SkyscannerCode>
        </PlaceDto>
        <PlaceDto>
            <PlaceId>1710</PlaceId>
            <Name>Senegal</Name>
            <Type>Country</Type>
            <SkyscannerCode>SN</SkyscannerCode>
        </PlaceDto>
        <PlaceDto>
            <PlaceId>1718</PlaceId>
            <Name>El Salvador</Name>
            <Type>Country</Type>
            <SkyscannerCode>SV</SkyscannerCode>
        </PlaceDto>
        <PlaceDto>
            <PlaceId>1720</PlaceId>
            <Name>St Maarten</Name>
            <Type>Country</Type>
            <SkyscannerCode>SX</SkyscannerCode>
        </PlaceDto>
        <PlaceDto>
            <PlaceId>1747</PlaceId>
            <Name>Turks and Caicos Islands</Name>
            <Type>Country</Type>
            <SkyscannerCode>TC</SkyscannerCode>
        </PlaceDto>
        <PlaceDto>
            <PlaceId>1752</PlaceId>
            <Name>Thailand</Name>
            <Type>Country</Type>
            <SkyscannerCode>TH</SkyscannerCode>
        </PlaceDto>
        <PlaceDto>
            <PlaceId>1762</PlaceId>
            <Name>Turkey</Name>
            <Type>Country</Type>
            <SkyscannerCode>TR</SkyscannerCode>
        </PlaceDto>
        <PlaceDto>
            <PlaceId>1764</PlaceId>
            <Name>Trinidad and Tobago</Name>
            <Type>Country</Type>
            <SkyscannerCode>TT</SkyscannerCode>
        </PlaceDto>
        <PlaceDto>
            <PlaceId>1767</PlaceId>
            <Name>Taiwan</Name>
            <Type>Country</Type>
            <SkyscannerCode>TW</SkyscannerCode>
        </PlaceDto>
        <PlaceDto>
            <PlaceId>1803</PlaceId>
            <Name>United Kingdom</Name>
            <Type>Country</Type>
            <SkyscannerCode>UK</SkyscannerCode>
        </PlaceDto>
        <PlaceDto>
            <PlaceId>1811</PlaceId>
            <Name>United States</Name>
            <Type>Country</Type>
            <SkyscannerCode>US</SkyscannerCode>
        </PlaceDto>
        <PlaceDto>
            <PlaceId>1817</PlaceId>
            <Name>Uruguay</Name>
            <Type>Country</Type>
            <SkyscannerCode>UY</SkyscannerCode>
        </PlaceDto>
        <PlaceDto>
            <PlaceId>1845</PlaceId>
            <Name>Venezuela</Name>
            <Type>Country</Type>
            <SkyscannerCode>VE</SkyscannerCode>
        </PlaceDto>
        <PlaceDto>
            <PlaceId>1847</PlaceId>
            <Name>British Virgin Islands</Name>
            <Type>Country</Type>
            <SkyscannerCode>VG</SkyscannerCode>
        </PlaceDto>
        <PlaceDto>
            <PlaceId>1849</PlaceId>
            <Name>US Virgin Islands</Name>
            <Type>Country</Type>
            <SkyscannerCode>VI</SkyscannerCode>
        </PlaceDto>
        <PlaceDto>
            <PlaceId>2033</PlaceId>
            <Name>South Africa</Name>
            <Type>Country</Type>
            <SkyscannerCode>ZA</SkyscannerCode>
        </PlaceDto>
        <PlaceDto>
            <PlaceId>42521</PlaceId>
            <IataCode>BEY</IataCode>
            <Name>Beirut</Name>
            <Type>Station</Type>
            <SkyscannerCode>BEY</SkyscannerCode>
            <CityName>Beirut</CityName>
            <CityId>BEIR</CityId>
            <CountryName>Lebanon</CountryName>
        </PlaceDto>
        <PlaceDto>
            <PlaceId>42795</PlaceId>
            <IataCode>BKK</IataCode>
            <Name>Bangkok Suvarnabhumi</Name>
            <Type>Station</Type>
            <SkyscannerCode>BKK</SkyscannerCode>
            <CityName>Bangkok</CityName>
            <CityId>BKKT</CityId>
            <CountryName>Thailand</CountryName>
        </PlaceDto>
        <PlaceDto>
            <PlaceId>42983</PlaceId>
            <IataCode>BOG</IataCode>
            <Name>Bogota</Name>
            <Type>Station</Type>
            <SkyscannerCode>BOG</SkyscannerCode>
            <CityName>Bogota</CityName>
            <CityId>BOGA</CityId>
            <CountryName>Colombia</CountryName>
        </PlaceDto>
        <PlaceDto>
            <PlaceId>42989</PlaceId>
            <IataCode>BOM</IataCode>
            <Name>Mumbai</Name>
            <Type>Station</Type>
            <SkyscannerCode>BOM</SkyscannerCode>
            <CityName>Mumbai</CityName>
            <CityId>IBOM</CityId>
            <CountryName>India</CountryName>
        </PlaceDto>
        <PlaceDto>
            <PlaceId>42995</PlaceId>
            <IataCode>BOS</IataCode>
            <Name>Boston Logan International</Name>
            <Type>Station</Type>
            <SkyscannerCode>BOS</SkyscannerCode>
            <CityName>Boston</CityName>
            <CityId>BOSA</CityId>
            <CountryName>United States</CountryName>
        </PlaceDto>
        <PlaceDto>
            <PlaceId>44617</PlaceId>
            <IataCode>CAI</IataCode>
            <Name>Cairo</Name>
            <Type>Station</Type>
            <SkyscannerCode>CAI</SkyscannerCode>
            <CityName>Cairo</CityName>
            <CityId>CAIR</CityId>
            <CountryName>Egypt</CountryName>
        </PlaceDto>
        <PlaceDto>
            <PlaceId>44759</PlaceId>
            <IataCode>CDG</IataCode>
            <Name>Paris Charles de Gaulle</Name>
            <Type>Station</Type>
            <SkyscannerCode>CDG</SkyscannerCode>
            <CityName>Paris</CityName>
            <CityId>PARI</CityId>
            <CountryName>France</CountryName>
        </PlaceDto>
        <PlaceDto>
            <PlaceId>45141</PlaceId>
            <IataCode>CLE</IataCode>
            <Name>Cleveland Hopkins International</Name>
            <Type>Station</Type>
            <SkyscannerCode>CLE</SkyscannerCode>
            <CityName>Cleveland</CityName>
            <CityId>CLEA</CityId>
            <CountryName>United States</CountryName>
        </PlaceDto>
        <PlaceDto>
            <PlaceId>45582</PlaceId>
            <IataCode>CUN</IataCode>
            <Name>Cancun</Name>
            <Type>Station</Type>
            <SkyscannerCode>CUN</SkyscannerCode>
            <CityName>Cancun</CityName>
            <CityId>CUNA</CityId>
            <CountryName>Mexico</CountryName>
        </PlaceDto>
        <PlaceDto>
            <PlaceId>48018</PlaceId>
            <IataCode>DXB</IataCode>
            <Name>Dubai</Name>
            <Type>Station</Type>
            <SkyscannerCode>DXB</SkyscannerCode>
            <CityName>Dubai</CityName>
            <CityId>DXBA</CityId>
            <CountryName>United Arab Emirates</CountryName>
        </PlaceDto>
        <PlaceDto>
            <PlaceId>58542</PlaceId>
            <IataCode>ICN</IataCode>
            <Name>Seoul Incheon Int'l</Name>
            <Type>Station</Type>
            <SkyscannerCode>ICN</SkyscannerCode>
            <CityName>Seoul</CityName>
            <CityId>SELA</CityId>
            <CountryName>South Korea</CountryName>
        </PlaceDto>
        <PlaceDto>
            <PlaceId>59316</PlaceId>
            <IataCode>IST</IataCode>
            <Name>Istanbul Ataturk</Name>
            <Type>Station</Type>
            <SkyscannerCode>IST</SkyscannerCode>
            <CityName>Istanbul</CityName>
            <CityId>ISTA</CityId>
            <CountryName>Turkey</CountryName>
        </PlaceDto>
        <PlaceDto>
            <PlaceId>65465</PlaceId>
            <IataCode>LCY</IataCode>
            <Name>London City</Name>
            <Type>Station</Type>
            <SkyscannerCode>LCY</SkyscannerCode>
            <CityName>London</CityName>
            <CityId>LOND</CityId>
            <CountryName>United Kingdom</CountryName>
        </PlaceDto>
        <PlaceDto>
            <PlaceId>65741</PlaceId>
            <IataCode>LIM</IataCode>
            <Name>Lima</Name>
            <Type>Station</Type>
            <SkyscannerCode>LIM</SkyscannerCode>
            <CityName>Lima</CityName>
            <CityId>LIMA</CityId>
            <CountryName>Peru</CountryName>
        </PlaceDto>
        <PlaceDto>
            <PlaceId>67652</PlaceId>
            <IataCode>MAD</IataCode>
            <Name>Madrid</Name>
            <Type>Station</Type>
            <SkyscannerCode>MAD</SkyscannerCode>
            <CityName>Madrid</CityName>
            <CityId>MADR</CityId>
            <CountryName>Spain</CountryName>
        </PlaceDto>
        <PlaceDto>
            <PlaceId>68768</PlaceId>
            <IataCode>MXP</IataCode>
            <Name>Milan Malpensa</Name>
            <Type>Station</Type>
            <SkyscannerCode>MXP</SkyscannerCode>
            <CityName>Milan</CityName>
            <CityId>MILA</CityId>
            <CountryName>Italy</CountryName>
        </PlaceDto>
        <PlaceDto>
            <PlaceId>75575</PlaceId>
            <IataCode>PVG</IataCode>
            <Name>Shanghai Pu Dong</Name>
            <Type>Station</Type>
            <SkyscannerCode>PVG</SkyscannerCode>
            <CityName>Shanghai</CityName>
            <CityId>CSHA</CityId>
            <CountryName>China</CountryName>
        </PlaceDto>
        <PlaceDto>
            <PlaceId>81583</PlaceId>
            <IataCode>SCO</IataCode>
            <Name>Aktau</Name>
            <Type>Station</Type>
            <SkyscannerCode>SCO</SkyscannerCode>
            <CityName>Aktau</CityName>
            <CityId>SCOA</CityId>
            <CountryName>Kazakhstan</CountryName>
        </PlaceDto>
        <PlaceDto>
            <PlaceId>81919</PlaceId>
            <IataCode>SJO</IataCode>
            <Name>San Jose Juan Santamaria</Name>
            <Type>Station</Type>
            <SkyscannerCode>SJO</SkyscannerCode>
            <CityName>San Jose</CityName>
            <CityId>SJOA</CityId>
            <CountryName>Costa Rica</CountryName>
        </PlaceDto>
        <PlaceDto>
            <PlaceId>81925</PlaceId>
            <IataCode>SJU</IataCode>
            <Name>San Juan Luis Munoz Marin</Name>
            <Type>Station</Type>
            <SkyscannerCode>SJU</SkyscannerCode>
            <CityName>San Juan</CityName>
            <CityId>SJUA</CityId>
            <CountryName>Puerto Rico</CountryName>
        </PlaceDto>
        <PlaceDto>
            <PlaceId>88879</PlaceId>
            <IataCode>VKO</IataCode>
            <Name>Moscow Vnukovo</Name>
            <Type>Station</Type>
            <SkyscannerCode>VKO</SkyscannerCode>
            <CityName>Moscow</CityName>
            <CityId>MOSC</CityId>
            <CountryName>Russia</CountryName>
        </PlaceDto>
        <PlaceDto>
            <PlaceId>96474</PlaceId>
            <IataCode>YYZ</IataCode>
            <Name>Toronto Pearson International</Name>
            <Type>Station</Type>
            <SkyscannerCode>YYZ</SkyscannerCode>
            <CityName>Toronto</CityName>
            <CityId>YTOA</CityId>
            <CountryName>Canada</CountryName>
        </PlaceDto>
    </Places>
    <Carriers>
        <CarriersDto>
            <CarrierId>288</CarrierId>
            <Name>Etihad Airways</Name>
        </CarriersDto>
        <CarriersDto>
            <CarrierId>835</CarrierId>
            <Name>Air Canada</Name>
        </CarriersDto>
        <CarriersDto>
            <CarrierId>845</CarrierId>
            <Name>Aeromexico</Name>
        </CarriersDto>
        <CarriersDto>
            <CarrierId>854</CarrierId>
            <Name>Avianca</Name>
        </CarriersDto>
        <CarriersDto>
            <CarrierId>870</CarrierId>
            <Name>jetBlue</Name>
        </CarriersDto>
        <CarriersDto>
            <CarrierId>881</CarrierId>
            <Name>British Airways</Name>
        </CarriersDto>
        <CarriersDto>
            <CarrierId>1218</CarrierId>
            <Name>Iberia</Name>
        </CarriersDto>
        <CarriersDto>
            <CarrierId>1467</CarrierId>
            <Name>Spirit Airlines</Name>
        </CarriersDto>
        <CarriersDto>
            <CarrierId>1618</CarrierId>
            <Name>Qatar Airways</Name>
        </CarriersDto>
        <CarriersDto>
            <CarrierId>1707</CarrierId>
            <Name>SAS</Name>
        </CarriersDto>
        <CarriersDto>
            <CarrierId>1755</CarrierId>
            <Name>Turkish Airlines</Name>
        </CarriersDto>
        <CarriersDto>
            <CarrierId>1793</CarrierId>
            <Name>United</Name>
        </CarriersDto>
    </Carriers>
</BrowseQuotesResponseAPIDto>